<?xml version = '1.0' encoding = 'UTF-8'?>
<Entity class="oracle.dbtools.crest.model.design.logical.Entity" directorySegmentName="seg_0" id="744F30BA-965E-408B-E4B5-F2631D065EA9" name="T_ENDERECO_CONTATO">
<createdBy>marci</createdBy>
<createdTime>2022-05-16 16:08:11 UTC</createdTime>
<ownerDesignName>Cap05_rm94932</ownerDesignName>
<engineerTo>
<item key="12B7F4FC-8A56-9FC2-AA8E-630FE3693DF7" value="true"/>
</engineerTo>
<adequatelyNormalized>NO</adequatelyNormalized>
<expectedVolumes>0</expectedVolumes>
<fwdEngineeringStrategyName>Single Table</fwdEngineeringStrategyName>
<growthPercent>0</growthPercent>
<growthType>Year</growthType>
<maxVolumes>9999999</maxVolumes>
<minVolumes>0</minVolumes>
<normalForm>Third</normalForm>
<attributes itemClass="oracle.dbtools.crest.model.design.logical.Attribute">
<Attribute name="cd_contato" id="EF771793-1043-A557-2179-2CB93E3EDDE8">
<createdBy>marci</createdBy>
<createdTime>2022-05-16 16:09:18 UTC</createdTime>
<generatorID>E67487B2-1161-5184-11B5-98905E16D80A</generatorID>
<ownerDesignName>Cap05_rm94932</ownerDesignName>
<engineerTo>
<item key="12B7F4FC-8A56-9FC2-AA8E-630FE3693DF7" value="true"/>
</engineerTo>
<referedAttribute>787B2181-6E2D-714E-1142-A9DD81DAF3DB</referedAttribute>
<useDomainConstraints>false</useDomainConstraints>
<use>1</use>
<logicalDatatype>LOGDT019</logicalDatatype>
<dataTypePrecision>5</dataTypePrecision>
<ownDataTypeParameters>,,</ownDataTypeParameters>
</Attribute>
<Attribute name="ds_endereco_completo" id="CA372744-4D00-F186-9DFE-F11A3BBA08F7">
<createdBy>marci</createdBy>
<createdTime>2022-05-16 16:09:31 UTC</createdTime>
<generatorID>8F76FBC7-FD5E-215C-5BD0-0A91C74ADF1A</generatorID>
<ownerDesignName>Cap05_rm94932</ownerDesignName>
<engineerTo>
<item key="12B7F4FC-8A56-9FC2-AA8E-630FE3693DF7" value="true"/>
</engineerTo>
<referedAttribute>F294D415-D324-B5B8-C6F9-6A8BA8EA1B50</referedAttribute>
<useDomainConstraints>false</useDomainConstraints>
<use>1</use>
<logicalDatatype>LOGDT024</logicalDatatype>
<dataTypeSize>50</dataTypeSize>
<ownDataTypeParameters>,,</ownDataTypeParameters>
</Attribute>
</attributes>
<identifiers itemClass="oracle.dbtools.crest.model.design.logical.CandidateKey">
<identifier id="8A789C5A-222D-0102-DAC7-3CB868928B26" name="T_ENDERECO_CONTATO PK">
<createdBy>marci</createdBy>
<createdTime>2022-05-16 16:09:20 UTC</createdTime>
<ownerDesignName>Cap05_rm94932</ownerDesignName>
<engineerTo>
<item key="12B7F4FC-8A56-9FC2-AA8E-630FE3693DF7" value="true"/>
</engineerTo>
<pk>true</pk>
<usedAttributes>
<attributeRef>EF771793-1043-A557-2179-2CB93E3EDDE8</attributeRef>
<attributeRef>CA372744-4D00-F186-9DFE-F11A3BBA08F7</attributeRef>
</usedAttributes>
</identifier>
</identifiers>
</Entity>