<?xml version = '1.0' encoding = 'UTF-8'?>
<Entity class="oracle.dbtools.crest.model.design.logical.Entity" directorySegmentName="seg_0" id="83F19E08-C209-8A28-0421-08D24EED7059" name="T_EMAIL_CONTATO">
<createdBy>marci</createdBy>
<createdTime>2022-05-16 16:06:16 UTC</createdTime>
<ownerDesignName>Cap05_rm94932</ownerDesignName>
<engineerTo>
<item key="12B7F4FC-8A56-9FC2-AA8E-630FE3693DF7" value="true"/>
</engineerTo>
<adequatelyNormalized>NO</adequatelyNormalized>
<expectedVolumes>0</expectedVolumes>
<fwdEngineeringStrategyName>Single Table</fwdEngineeringStrategyName>
<growthPercent>0</growthPercent>
<growthType>Year</growthType>
<maxVolumes>9999999</maxVolumes>
<minVolumes>0</minVolumes>
<normalForm>Third</normalForm>
<attributes itemClass="oracle.dbtools.crest.model.design.logical.Attribute">
<Attribute name="ds_email" id="2F3E0654-8BB7-B8BE-0262-982F851AA645">
<createdBy>marci</createdBy>
<createdTime>2022-05-16 16:08:34 UTC</createdTime>
<generatorID>7BB30046-F9CC-436B-4A38-1C8B1382528F</generatorID>
<ownerDesignName>Cap05_rm94932</ownerDesignName>
<engineerTo>
<item key="12B7F4FC-8A56-9FC2-AA8E-630FE3693DF7" value="true"/>
</engineerTo>
<referedAttribute>9D839C8C-E933-AC50-9836-8C3E26E11603</referedAttribute>
<useDomainConstraints>false</useDomainConstraints>
<use>1</use>
<logicalDatatype>LOGDT024</logicalDatatype>
<dataTypeSize>50</dataTypeSize>
<ownDataTypeParameters>,,</ownDataTypeParameters>
</Attribute>
<Attribute name="cd_contato" id="0BE37B19-2C0C-C343-7F35-13FEAF3A9E1A">
<createdBy>marci</createdBy>
<createdTime>2022-05-16 16:08:43 UTC</createdTime>
<generatorID>27BFFDA5-D177-68FC-DD4B-A7F1E33327DD</generatorID>
<ownerDesignName>Cap05_rm94932</ownerDesignName>
<engineerTo>
<item key="12B7F4FC-8A56-9FC2-AA8E-630FE3693DF7" value="true"/>
</engineerTo>
<referedAttribute>787B2181-6E2D-714E-1142-A9DD81DAF3DB</referedAttribute>
<useDomainConstraints>false</useDomainConstraints>
<use>1</use>
<logicalDatatype>LOGDT019</logicalDatatype>
<dataTypePrecision>5</dataTypePrecision>
<ownDataTypeParameters>,,</ownDataTypeParameters>
</Attribute>
</attributes>
<identifiers itemClass="oracle.dbtools.crest.model.design.logical.CandidateKey">
<identifier id="F4B24230-1027-9F99-7BD6-ECB60DAE0B47" name="T_EMAIL_CONTATO PK">
<createdBy>marci</createdBy>
<createdTime>2022-05-16 16:08:37 UTC</createdTime>
<ownerDesignName>Cap05_rm94932</ownerDesignName>
<engineerTo>
<item key="12B7F4FC-8A56-9FC2-AA8E-630FE3693DF7" value="true"/>
</engineerTo>
<pk>true</pk>
<usedAttributes>
<attributeRef>2F3E0654-8BB7-B8BE-0262-982F851AA645</attributeRef>
<attributeRef>0BE37B19-2C0C-C343-7F35-13FEAF3A9E1A</attributeRef>
</usedAttributes>
</identifier>
</identifiers>
</Entity>