<?xml version = '1.0' encoding = 'UTF-8'?>
<Entity class="oracle.dbtools.crest.model.design.logical.Entity" directorySegmentName="seg_0" id="C62BAB82-7141-0BB9-8D11-E6D2CE9B1CF8" name="T_EMAIL">
<createdBy>marci</createdBy>
<createdTime>2022-05-13 20:05:52 UTC</createdTime>
<ownerDesignName>Cap05_rm94932</ownerDesignName>
<engineerTo>
<item key="12B7F4FC-8A56-9FC2-AA8E-630FE3693DF7" value="true"/>
</engineerTo>
<adequatelyNormalized>NO</adequatelyNormalized>
<expectedVolumes>0</expectedVolumes>
<fwdEngineeringStrategyName>Single Table</fwdEngineeringStrategyName>
<growthPercent>0</growthPercent>
<growthType>Year</growthType>
<maxVolumes>9999999</maxVolumes>
<minVolumes>0</minVolumes>
<normalForm>Third</normalForm>
<attributes itemClass="oracle.dbtools.crest.model.design.logical.Attribute">
<Attribute name="ds_email" id="9D839C8C-E933-AC50-9836-8C3E26E11603">
<createdBy>marci</createdBy>
<createdTime>2022-05-13 20:09:20 UTC</createdTime>
<ownerDesignName>Cap05_rm94932</ownerDesignName>
<engineerTo>
<item key="12B7F4FC-8A56-9FC2-AA8E-630FE3693DF7" value="true"/>
</engineerTo>
<useDomainConstraints>false</useDomainConstraints>
<use>1</use>
<logicalDatatype>LOGDT024</logicalDatatype>
<dataTypeSize>50</dataTypeSize>
<ownDataTypeParameters>50,,</ownDataTypeParameters>
</Attribute>
<Attribute name="ds_tipo_email" id="A73EEAE1-7B2B-CDB4-A2AA-C0ABBF8E0633">
<createdBy>marci</createdBy>
<createdTime>2022-05-13 22:49:13 UTC</createdTime>
<ownerDesignName>Cap05_rm94932</ownerDesignName>
<engineerTo>
<item key="12B7F4FC-8A56-9FC2-AA8E-630FE3693DF7" value="true"/>
</engineerTo>
<useDomainConstraints>false</useDomainConstraints>
<use>1</use>
<logicalDatatype>LOGDT024</logicalDatatype>
<dataTypeSize>20</dataTypeSize>
<ownDataTypeParameters>20,,</ownDataTypeParameters>
</Attribute>
</attributes>
<identifiers itemClass="oracle.dbtools.crest.model.design.logical.CandidateKey">
<identifier id="22F6189B-1DB5-67C6-5BE7-FA5B79B4BE77" name="T_EMAIL PK">
<createdBy>marci</createdBy>
<createdTime>2022-05-13 20:09:34 UTC</createdTime>
<ownerDesignName>Cap05_rm94932</ownerDesignName>
<engineerTo>
<item key="12B7F4FC-8A56-9FC2-AA8E-630FE3693DF7" value="true"/>
</engineerTo>
<pk>true</pk>
<usedAttributes>
<attributeRef>9D839C8C-E933-AC50-9836-8C3E26E11603</attributeRef>
</usedAttributes>
</identifier>
</identifiers>
</Entity>