<?xml version = '1.0' encoding = 'UTF-8'?>
<relationalModel class="oracle.dbtools.crest.model.design.relational.RelationalDesign" name="Relational_1" id="12B7F4FC-8A56-9FC2-AA8E-630FE3693DF7" mainViewID="7B3E601E-BF11-99B0-0870-A7C00AEF48EB">
<createdBy>marci</createdBy>
<createdTime>2022-05-13 13:23:09 UTC</createdTime>
<ownerDesignName>Cap05_rm94932</ownerDesignName>
<shouldBeOpen>true</shouldBeOpen>
<selectedRDBMSSite>32076570-2523-435C-2E92-BF29817DFF70</selectedRDBMSSite>
</relationalModel>