<?xml version = '1.0' encoding = 'UTF-8'?>
<Diagram class="oracle.dbtools.crest.swingui.logical.DPVLogical" name="Logical" id="15330C99-F509-458B-8EC4-A74CB40A270F">
<createdBy>marci</createdBy>
<modifiedBy>marci</modifiedBy>
<createdTime>2022-05-13 13:24:36 UTC</createdTime>
<autoRoute>false</autoRoute>
<boxInbox>true</boxInbox>
<showLegend>false</showLegend>
<showLabels>false</showLabels>
<showRelAttributes>false</showRelAttributes>
<gridEnabled>false</gridEnabled>
<showGrid>false</showGrid>
<diagramColor>-1</diagramColor>
<display>false</display>
<notation>2</notation>
<showAllDetails>false</showAllDetails>
<showElements>true</showElements>
<objectViews>
<OView class="oracle.dbtools.crest.swingui.logical.TVEntity" oid="244CFD61-3320-F78F-7AE1-DE63A6DD9023" otype="Entity" vid="122BF973-6BD8-23E6-F03D-2E7211CF652B">
<hideElementsInCurrentOnly>false</hideElementsInCurrentOnly>
<bounds x="484" y="26" width="146" height="99"/>
</OView>
<OView class="oracle.dbtools.crest.swingui.logical.TVEntity" oid="2F1B2FF5-9764-0E6B-BD9B-8E557BC36C95" otype="Entity" vid="42072427-F157-EBFD-D24D-DA0D9AA6955B">
<hideElementsInCurrentOnly>false</hideElementsInCurrentOnly>
<bounds x="940" y="23" width="137" height="104"/>
</OView>
<OView class="oracle.dbtools.crest.swingui.logical.TVEntity" oid="4F3DCE52-DF9C-6118-C365-16021724AB5F" otype="Entity" vid="80FABB1B-FB75-8CAE-6D8A-1877A1BBDFE0">
<hideElementsInCurrentOnly>false</hideElementsInCurrentOnly>
<bounds x="488" y="373" width="146" height="156"/>
</OView>
<OView class="oracle.dbtools.crest.swingui.logical.TVEntity" oid="59C9A14A-8192-56BC-CCD0-BDE18727800D" otype="Entity" vid="309A6441-806F-387D-FAAE-DE1D3214D28A">
<hideElementsInCurrentOnly>false</hideElementsInCurrentOnly>
<bounds x="694" y="28" width="154" height="97"/>
</OView>
<OView class="oracle.dbtools.crest.swingui.logical.TVEntity" oid="744F30BA-965E-408B-E4B5-F2631D065EA9" otype="Entity" vid="C10C00AD-72EB-A61F-9CB3-A79B82070CDE">
<hideElementsInCurrentOnly>false</hideElementsInCurrentOnly>
<bounds x="486" y="195" width="150" height="104"/>
</OView>
<OView class="oracle.dbtools.crest.swingui.logical.TVEntity" oid="83F19E08-C209-8A28-0421-08D24EED7059" otype="Entity" vid="C9E5F6F3-D7AE-B2D1-8BE6-2B852B186E3F">
<hideElementsInCurrentOnly>false</hideElementsInCurrentOnly>
<bounds x="249" y="33" width="155" height="89"/>
</OView>
<OView class="oracle.dbtools.crest.swingui.logical.TVEntity" oid="C62BAB82-7141-0BB9-8D11-E6D2CE9B1CF8" otype="Entity" vid="2AEEA196-EAF0-A467-691F-8F39C077B5C3">
<hideElementsInCurrentOnly>false</hideElementsInCurrentOnly>
<bounds x="22" y="27" width="151" height="92"/>
</OView>
</objectViews>
<connectors>
<Connector class="oracle.dbtools.crest.swingui.logical.TVRelation" oid="27BFFDA5-D177-68FC-DD4B-A7F1E33327DD" otype="Relation" vid_source="122BF973-6BD8-23E6-F03D-2E7211CF652B" vid_target="C9E5F6F3-D7AE-B2D1-8BE6-2B852B186E3F">
<hideElementsInCurrentOnly>false</hideElementsInCurrentOnly>
<backgroundColor>-16777216</backgroundColor>
<lineWidth>1</lineWidth>
<points>
<point x="484" y="92"/>
<point x="404" y="92"/>
</points>
</Connector>
<Connector class="oracle.dbtools.crest.swingui.logical.TVRelation" oid="3142BA0D-C3CF-9536-BAA7-E99641047E55" otype="Relation" vid_source="42072427-F157-EBFD-D24D-DA0D9AA6955B" vid_target="309A6441-806F-387D-FAAE-DE1D3214D28A">
<hideElementsInCurrentOnly>false</hideElementsInCurrentOnly>
<backgroundColor>-16777216</backgroundColor>
<lineWidth>1</lineWidth>
<points>
<point x="940" y="91"/>
<point x="848" y="91"/>
</points>
</Connector>
<Connector class="oracle.dbtools.crest.swingui.logical.TVRelation" oid="3B2EF26E-AB18-AF38-3D48-392572E7E8D9" otype="Relation" vid_source="122BF973-6BD8-23E6-F03D-2E7211CF652B" vid_target="309A6441-806F-387D-FAAE-DE1D3214D28A">
<hideElementsInCurrentOnly>false</hideElementsInCurrentOnly>
<backgroundColor>-16777216</backgroundColor>
<lineWidth>1</lineWidth>
<points>
<point x="630" y="91"/>
<point x="694" y="91"/>
</points>
</Connector>
<Connector class="oracle.dbtools.crest.swingui.logical.TVRelation" oid="7BB30046-F9CC-436B-4A38-1C8B1382528F" otype="Relation" vid_source="2AEEA196-EAF0-A467-691F-8F39C077B5C3" vid_target="C9E5F6F3-D7AE-B2D1-8BE6-2B852B186E3F">
<hideElementsInCurrentOnly>false</hideElementsInCurrentOnly>
<backgroundColor>-16777216</backgroundColor>
<lineWidth>1</lineWidth>
<points>
<point x="173" y="91"/>
<point x="249" y="91"/>
</points>
</Connector>
<Connector class="oracle.dbtools.crest.swingui.logical.TVRelation" oid="8F76FBC7-FD5E-215C-5BD0-0A91C74ADF1A" otype="Relation" vid_source="80FABB1B-FB75-8CAE-6D8A-1877A1BBDFE0" vid_target="C10C00AD-72EB-A61F-9CB3-A79B82070CDE">
<hideElementsInCurrentOnly>false</hideElementsInCurrentOnly>
<backgroundColor>-16777216</backgroundColor>
<lineWidth>1</lineWidth>
<points>
<point x="576" y="373"/>
<point x="576" y="299"/>
</points>
</Connector>
<Connector class="oracle.dbtools.crest.swingui.logical.TVRelation" oid="E67487B2-1161-5184-11B5-98905E16D80A" otype="Relation" vid_source="122BF973-6BD8-23E6-F03D-2E7211CF652B" vid_target="C10C00AD-72EB-A61F-9CB3-A79B82070CDE">
<hideElementsInCurrentOnly>false</hideElementsInCurrentOnly>
<backgroundColor>-16777216</backgroundColor>
<lineWidth>1</lineWidth>
<points>
<point x="573" y="125"/>
<point x="573" y="195"/>
</points>
</Connector>
</connectors>
</Diagram>