<?xml version = '1.0' encoding = 'UTF-8'?>
<Relation class="oracle.dbtools.crest.model.design.logical.Relation" name="atribuirv4" directorySegmentName="seg_0" id="3B2EF26E-AB18-AF38-3D48-392572E7E8D9">
<createdBy>marci</createdBy>
<createdTime>2022-05-16 16:08:56 UTC</createdTime>
<ownerDesignName>Cap05_rm94932</ownerDesignName>
<engineerTo>
<item key="12B7F4FC-8A56-9FC2-AA8E-630FE3693DF7" value="true"/>
</engineerTo>
<sourcePk>8D8B0585-39DA-B719-1D1A-13F2E2ED8987</sourcePk>
<identifying>true</identifying>
<optionalSource>true</optionalSource>
<optionalTarget>false</optionalTarget>
<sourceCardinality>1</sourceCardinality>
<sourceEntity>244CFD61-3320-F78F-7AE1-DE63A6DD9023</sourceEntity>
<targetCardinalityString>*</targetCardinalityString>
<targetEntity>59C9A14A-8192-56BC-CCD0-BDE18727800D</targetEntity>
<transferable>true</transferable>
<deleteRule>NO ACTION</deleteRule>
</Relation>